{"cameraMode":{"drawMode":0,"name":"Shaded","section":"Shading Mode"},"sceneLighting":true,"audioPlay":false,"sceneViewState":{"m_AlwaysRefresh":false,"showFog":true,"showSkybox":true,"showFlares":true,"showImageEffects":true,"showParticleSystems":true,"showVisualEffectGraphs":true,"m_FxEnabled":true},"in2DMode":false,"pivot":{"x":23.505373001098634,"y":-380.31353759765627,"z":1023.2111206054688},"rotation":{"x":-0.1807974874973297,"y":-0.0038298561703413727,"z":0.0007395357242785394,"w":-0.9834558367729187},"size":555.2896118164063,"orthographic":false}